Date,Open,High,Low,Close,Volume
2024-08-23,9.61532,9.84003,9.61532,9.84003,1599.088108156688
2024-08-26,9.66028,9.84003,9.52549,9.84003,846.8426351608621
2024-08-27,9.84003,9.84003,9.57045,9.70524,1793.83378383828
2024-08-28,9.70524,9.70524,9.52549,9.57045,914.723918946708
2024-08-29,9.79507,9.84003,9.52549,9.75011,1579.060540588512
2024-08-30,9.61532,9.97483,9.61532,9.97483,4466.788108243808
2024-09-02,9.97483,9.97483,9.66028,9.75011,2628.436756836608
2024-09-03,9.75011,9.84003,9.66028,9.84003,2622.874729809412
2024-09-04,9.84003,9.84003,9.52549,9.61532,5326.980675837508
2024-09-05,9.57045,9.61532,9.07617,9.61532,5323.649865026597
2024-09-06,9.61532,9.70524,9.12111,9.34577,4219.742297425492
2024-09-09,9.34577,9.57045,9.30084,9.57045,1156.197027062152
2024-09-10,9.43566,9.43566,9.34577,9.43566,2405.8809460190364
2024-09-11,9.52549,9.61532,9.34577,9.34577,1809.4095946495645
2024-09-12,9.34577,9.43566,9.07617,9.34577,2832.075270356308
2024-09-13,9.2559,9.2559,9.16604,9.2559,1237.428243280836
2024-09-16,9.21097,9.30084,9.07617,9.21097,1921.803108166492
2024-09-17,9.07617,9.16604,8.93239,9.07617,3212.663108205708
2024-09-18,8.98632,9.03124,8.80659,8.98632,1856.147702759092
2024-09-19,8.96834,9.03124,8.93239,8.98632,5286.925540701157
2024-09-20,8.95037,8.98632,8.89645,8.98632,1179.5660811169162
2024-09-23,8.80659,9.21097,8.57295,8.96834,3306.1286487490884
2024-09-24,8.96834,8.98632,8.66281,8.96834,485.1817027174424
2024-09-25,8.89645,8.98632,8.80659,8.89645,2247.8595946628843
2024-09-26,8.95037,8.95037,8.80659,8.95037,20.03045000060852
2024-09-27,8.93239,8.95037,8.69875,8.69875,1037.1322838152917
2024-09-30,8.68078,8.71672,8.537,8.69875,1625.79864869804
2024-10-01,8.57295,8.80659,8.57295,8.78861,1130.60743246678
2024-10-02,8.78861,8.78861,8.537,8.71672,4114.03175688174
2024-10-03,8.537,8.78861,8.537,8.71672,1283.0560811200598
2024-10-04,8.59091,8.69875,8.50105,8.50105,661.0047432633244
2024-10-07,8.50105,8.537,8.35727,8.51902,616.4925135322425
2024-10-08,8.48308,8.50105,8.17754,8.4651,1014.8767027335344
2024-10-09,8.4651,8.4651,8.17754,8.41119,3211.542162259728
2024-10-10,8.35727,8.41119,8.08768,8.24944,4465.677837973504
2024-10-11,8.10565,8.23146,7.99782,8.17754,1155.086756791848
2024-10-14,8.23146,8.24944,8.12363,8.17754,1940.720405464364
2024-10-15,8.10565,8.17754,7.99782,8.03377,4406.694729863604
2024-10-16,8.08768,8.24944,8.03377,8.24944,423.9780540669344
2024-10-17,8.08768,8.23146,7.99782,8.23146,2775.3233784626923
2024-10-18,8.01579,8.23146,7.88998,8.15957,2627.326486566304
2024-10-21,7.90796,8.06971,7.63836,7.63836,7110.811351567377
2024-10-22,7.63836,7.63836,6.88352,7.60242,18988.8243249012
2024-10-23,7.62039,8.55497,7.62039,8.23146,13819.875676095522
2024-10-24,8.19552,8.19552,7.71026,8.17754,4678.219865006989
2024-10-25,7.85404,8.17754,7.83607,8.17754,2641.7920271072844
2024-10-28,8.35727,8.35727,7.9439,8.05173,1610.222837886756
2024-10-29,8.03377,8.05173,8.03377,8.05173,480.731013528118
2024-10-30,8.06971,8.06971,7.63836,7.87201,2074.262432495448
2024-10-31,7.88998,7.88998,7.80012,7.80012,734.4501892115017
2024-11-04,7.80012,7.87201,7.63836,7.85404,648.7640135332229
2024-11-05,7.87201,7.88998,7.63836,7.81809,756.7057702932589
2024-11-06,7.81809,7.90796,7.67432,7.81809,1922.924054112472
2024-11-07,7.85404,7.9439,7.85404,7.85404,1428.83243247584
2024-11-08,7.97984,7.99782,7.81809,7.97984,1043.808851383062
2024-11-12,7.97984,8.06971,7.76417,7.85404,3110.283378472868
2024-11-13,7.85404,7.92592,7.81809,7.92592,2896.620405493404
2024-11-14,7.90796,7.90796,7.78215,7.90796,1336.466486527088
2024-11-15,7.88998,7.97984,7.76417,7.92592,1412.146351394252
2024-11-18,7.92592,7.92592,7.7462,7.92592,1178.455810846612
2024-11-19,7.96188,7.96188,7.78215,7.9439,554.1753919087276
2024-11-20,7.90796,7.96188,7.78215,7.90796,2256.763108176668
2024-11-21,7.90796,7.9439,7.90796,7.9439,1153.976486521544
2024-11-22,7.92592,7.96188,7.90796,7.9439,250.3798243319308
2024-11-25,7.78215,7.96188,7.63836,7.88998,3961.572432552784
2024-11-26,7.76417,7.90796,7.76417,7.88998,1876.185946002944
2024-11-27,7.88998,7.97984,7.72823,7.88998,2444.825810885084
2024-11-28,7.78215,7.88998,7.78215,7.80012,1037.1322838152917
2024-11-29,7.80012,7.90796,7.38675,7.90796,2088.727973036428
2024-12-02,7.76417,7.90796,7.18905,7.87201,4744.985540684692
2024-12-03,7.72823,7.81809,7.60242,7.81809,1247.4527027406
2024-12-04,7.87201,7.87201,7.69228,7.85404,790.0896756996784
2024-12-05,7.72823,7.88998,7.63836,7.80012,4366.639594727252
2024-12-06,7.80012,7.80012,7.45864,7.65634,6267.304865055265
2024-12-09,7.62039,7.63836,7.45864,7.62039,4823.996216362769
2024-12-10,7.60242,7.60242,7.45864,7.56647,7634.944324556272
2024-12-11,7.4227,7.53053,7.36878,7.45864,3021.258919010704
2024-12-12,7.36878,7.54851,7.04527,7.18905,6723.5512164204765
2024-12-13,7.18905,7.24297,7.00933,7.11716,9533.378378668
2024-12-16,7.11716,7.20702,7.00933,7.11716,7805.200000237121
2024-12-17,6.95541,7.06324,6.8296,7.00933,6420.874459654524
2024-12-18,6.90148,7.00933,6.8296,6.8296,2731.926756839752
2024-12-19,6.95541,7.00933,6.72176,6.72176,11340.55675710128
2024-12-20,6.57798,6.93743,6.29042,6.72176,6783.64459480068
2024-12-23,6.64987,6.73973,6.38028,6.73973,9704.755000294828
2024-12-27,6.73973,7.26094,6.73973,7.11716,2619.533243322824
2024-12-30,6.86554,7.17108,6.86554,7.17108,2408.101486559644
2025-01-02,7.26094,7.69228,7.26094,7.62039,881.3400135402884
2025-01-03,6.93743,7.71026,6.93743,7.62039,3006.793378469724
2025-01-07,7.62039,7.62039,7.20702,7.36878,2751.954324407928
2025-01-08,7.36878,7.36878,7.06324,7.1531,1651.398918969088
2025-01-09,7.06324,7.20702,7.00933,7.20702,4956.417297447872
2025-01-10,7.04527,7.20702,7.00933,7.20702,1185.1281081441118
2025-01-13,7.00933,7.18905,7.00933,7.18905,195.8527432491932
2025-01-14,6.95541,7.11716,6.41623,6.41623,2189.986756823288
2025-01-15,6.57798,7.18905,6.57798,7.18905,906.9338784059308
2025-01-16,7.09919,7.44066,6.88352,7.44066,3019.02770279442
2025-01-17,7.20702,7.44066,7.18905,7.3508,1987.458513573892
2025-01-20,7.40472,7.40472,7.36878,7.36878,722.2094594814
2025-01-21,7.3508,7.3508,7.11716,7.11716,980.379324354108
2025-01-22,7.31486,7.31486,7.18905,7.18905,978.153445975662
2025-01-23,7.31486,7.31486,7.09919,7.29689,20.03045000060852
2025-01-24,7.09919,7.26094,6.97338,7.26094,1245.221486524316
2025-01-27,7.18905,7.18905,7.11716,7.11716,146.8898243287868
2025-01-28,7.09919,7.29689,7.00933,7.24297,1993.020540601088
2025-01-29,7.18905,7.54851,7.18905,7.54851,1906.227297355208
2025-01-30,7.49459,7.49459,7.27891,7.45864,1945.172162221256
2025-01-31,7.45864,7.63836,7.3508,7.63836,2068.700405468252
2025-02-03,7.3508,7.51255,7.20702,7.24297,2552.76756764512
2025-02-04,7.45864,7.63836,7.18905,7.63836,4827.337702849357
2025-02-05,7.36878,7.78215,7.36878,7.78215,288.2154864952424
2025-02-06,7.78215,7.85404,7.56647,7.83607,2235.614594662512
2025-02-07,7.54851,8.30335,7.53053,8.30335,3712.30608119386
2025-02-10,8.4651,8.60889,8.35727,8.57295,2424.798243316908
2025-02-11,8.537,8.537,8.17754,8.42916,1806.078783838652
2025-02-12,8.1416,8.41119,8.08768,8.37525,3085.8040541478003
2025-02-13,7.97984,8.71672,7.97984,8.71672,1518.967162208308
2025-02-14,8.86051,8.86051,8.05173,8.62686,5834.427567744816
2025-02-17,8.59091,8.59091,8.21349,8.55497,607.5900675860261
2025-02-18,8.55497,8.55497,8.10565,8.44714,3004.5621622534404
2025-02-19,8.44714,8.44714,7.78215,8.26741,1747.095675728752
2025-02-20,7.97984,8.44714,7.97984,8.44714,909.1597567843768
2025-02-21,8.42916,8.42916,8.05173,8.41119,338.2918783886556
2025-02-24,8.12363,8.33929,8.12363,8.33929,289.3278919006816
2025-02-25,8.12363,8.26741,8.12363,8.12363,155.7922702750032
2025-02-26,8.26741,8.26741,7.97984,8.24944,751.1416081309276
2025-02-27,7.99782,8.21349,7.65634,8.01579,1631.360675725236
2025-02-28,8.08768,8.26741,7.69228,8.10565,2739.720000083232
2025-03-03,8.10565,8.10565,7.81809,8.06971,1101.665675709144
2025-03-04,7.90796,8.08768,7.72823,8.08768,814.5711351598816
2025-03-05,8.08768,8.26741,8.08768,8.23146,407.2855675799408
2025-03-06,8.26741,8.41119,7.69228,8.35727,4457.884594730024
2025-03-07,8.28538,8.55497,8.08768,8.537,3093.586621715604
2025-03-10,8.51902,8.51902,7.96188,8.30335,3210.431891989424
2025-03-11,8.37525,8.37525,7.67432,7.67432,10132.07027057808
2025-03-12,7.71026,8.24944,7.71026,8.19552,1405.463378421076
2025-03-13,8.19552,8.37525,8.19552,8.32133,1515.636351397396
2025-03-14,8.32133,8.33929,7.85404,8.06971,4445.639594729652
2025-03-17,8.08768,8.30335,7.90796,8.24944,2023.072567629028
2025-03-18,8.08768,8.08768,7.90796,8.08768,1890.651486543924
2025-03-19,8.21349,8.21349,7.81809,7.90796,2832.075270356308
2025-03-20,8.05173,8.23146,7.81809,8.08768,1364.287297338744
2025-03-21,8.17754,8.17754,8.08768,8.08768,1141.731486521172
2025-03-24,8.21349,8.26741,8.08768,8.08768,2339.104594665656
2025-03-25,8.24944,8.24944,8.24944,8.24944,12.24083648685836
2025-03-26,8.08768,8.21349,7.96188,8.17754,806.782162186672
2025-03-27,8.21349,8.33929,8.1416,8.33929,1570.157027074728
2025-03-28,8.17754,8.33929,7.96188,8.1416,1931.81689195058
2025-03-31,8.23146,8.23146,8.01579,8.21349,321.59939190166205
2025-04-01,8.21349,8.21349,8.21349,8.21349,169.14540541054402
2025-04-02,8.08768,8.08768,7.99782,7.99782,830.151216241436
2025-04-03,7.99782,7.99782,7.90796,7.96188,1149.524729764652
2025-04-04,7.97984,7.97984,7.72823,7.90796,4516.867702839924
2025-04-07,7.88998,7.88998,7.29689,7.33283,2009.717297358352
2025-04-08,7.63836,7.88998,7.4227,7.72823,1447.749729773712
2025-04-09,7.72823,7.87201,7.45864,7.69228,2442.5945946688003
2025-04-10,7.7462,7.90796,7.31486,7.67432,4773.9166217666525
2025-04-11,7.60242,7.60242,7.33283,7.54851,3913.724054172952
2025-04-14,7.3508,7.81809,7.3508,7.67432,4125.155810936132
2025-04-15,7.51255,7.65634,7.38675,7.53053,2390.2944595320764
2025-04-16,7.49459,7.49459,7.18905,7.40472,3819.137567683592
2025-04-17,7.36878,7.97984,7.36878,7.54851,4722.737432575908
2025-04-22,7.63836,7.88998,7.54851,7.76417,10828.65810843708
2025-04-23,7.71026,7.97984,7.71026,7.88998,3182.611081177768
2025-04-24,7.88998,7.88998,7.71026,7.85404,1658.0712162665882
2025-04-25,7.81809,7.81809,7.71026,7.72823,1772.6959459998002
2025-04-28,7.85404,8.10565,7.85404,8.10565,4771.696081226044
2025-04-29,8.19552,8.32133,8.19552,8.32133,2275.6804054745403
2025-04-30,8.35727,8.35727,8.12363,8.35727,905.8214730004916
2025-05-02,8.21349,8.37525,8.15957,8.32133,867.98581083718
2025-05-05,8.32133,8.89645,8.32133,8.75267,21511.59324389676
2025-05-06,8.93239,8.93239,8.17754,8.51902,6315.153243435097
2025-05-07,8.30335,8.51902,7.81809,7.9439,29355.65270359452
2025-05-08,7.9439,8.7347,7.9439,8.50105,24088.808108839923
2025-05-09,8.64483,8.66281,8.44714,8.66281,2679.6266217030284
2025-05-12,8.68078,8.68078,8.48308,8.60889,2247.8595946628843
2025-05-13,8.60889,8.68078,8.50105,8.50105,462.9261216356852
2025-05-14,8.50105,8.98632,8.48308,8.95037,8982.54554081343
2025-05-15,8.64483,8.71672,8.48308,8.66281,5569.574729898932
2025-05-16,8.62686,8.84253,8.60889,8.69875,19891.34594655024
2025-05-19,8.69875,8.69875,8.48308,8.69875,12893.97432471604
2025-05-20,8.69875,8.80659,8.48308,8.66281,8815.620675943492
2025-05-21,8.62686,8.64483,8.4651,8.59091,9794.889730027297
2025-05-22,8.537,8.60889,8.48308,8.537,10498.181892210823
2025-05-23,8.62686,8.62686,8.41119,8.51902,4687.123378520772
2025-05-26,8.51902,8.51902,8.37525,8.48308,20143.9324330444
2025-05-27,8.60889,8.68078,8.51902,8.59091,10548.26148680694
2025-05-28,8.537,8.57295,8.48308,8.48308,8463.974594851728
2025-05-29,8.50105,8.51902,8.39322,8.44714,10887.5878381686
2025-05-30,8.44714,8.51902,8.30335,8.51902,2867.689324411444
2025-06-02,8.51902,8.51902,8.39322,8.39322,4132.949054179612
2025-06-03,8.39322,8.96834,8.37525,8.95037,82729.12027278356
2025-06-04,8.95037,9.97483,8.95037,9.66028,22975.97567637368
2025-06-05,9.70524,9.8849,9.16604,9.48052,9988.514459762908
2025-06-06,9.34577,9.39069,9.03124,9.39069,6101.500946131308
2025-06-09,9.79507,9.79507,9.43566,9.43566,1763.7924324860162
2025-06-10,9.03124,9.34577,9.03124,9.21097,5686.420000172753
2025-06-11,9.16604,9.43566,8.98632,9.43566,7604.892297528332
2025-06-12,9.07617,9.57045,9.07617,9.57045,5428.250135300043
2025-06-13,9.52549,9.66028,9.16604,9.34577,2273.449189258256
2025-06-16,9.34577,9.66028,9.2559,9.43566,6947.227973184028
2025-06-17,9.43566,9.8849,9.2559,9.8849,10290.091621934233
2025-06-18,8.96834,10.0647,8.62686,9.84003,17631.19864918428
2025-06-20,9.79507,9.79507,9.03124,9.70524,3434.1086487529765
2025-06-23,9.79507,9.8849,9.57045,9.79507,2887.71689197962
2025-06-24,9.61532,10.2444,9.57045,9.79507,5971.300405586812
2025-06-25,10.1546,10.1546,9.57045,10.0197,10209.970675985853
2025-06-26,9.52549,10.0197,9.43566,9.52549,6508.777973170708
2025-06-27,9.43566,9.84003,9.43566,9.84003,3288.3322973971963
2025-06-30,10.1096,10.1096,9.61532,9.8849,3388.480810913752
2025-07-01,9.8849,9.8849,9.79507,9.8849,140.2121891934488
2025-07-02,9.92986,10.1546,9.8849,10.1546,2868.799594681748
2025-07-03,10.0647,10.0647,9.8849,9.8849,2019.73108114244
2025-07-04,9.8849,10.1994,9.70524,10.1096,1581.291756804796
2025-07-07,10.1994,10.3792,9.8849,10.1994,2879.934324411816
2025-07-08,10.1096,10.3342,9.8849,10.2894,1389.887567609792
2025-07-09,10.3342,10.6488,10.0647,10.514,6438.670811006416
2025-07-10,10.514,10.7836,10.469,10.7386,3694.499054166293
2025-07-11,10.7836,10.9633,10.6038,10.9184,5814.389324500965
2025-07-14,10.9633,11.188,10.9184,11.143,6092.597432617524
2025-07-15,11.143,11.2329,10.7386,10.9633,3316.153108208852
2025-07-16,10.6937,11.188,10.6038,11.0532,4786.161621767024
2025-07-17,11.0532,11.0532,10.7836,11.0532,3762.385675789976
2025-07-18,11.0532,11.0532,10.6038,10.8734,2800.9236487337403
2025-07-21,10.6937,11.0532,10.6937,11.0532,8528.519729988824
2025-07-22,11.0082,11.0981,10.8285,10.9633,5328.101621783489
2025-07-23,11.0082,11.188,10.7836,10.7836,4186.359459586641
2025-07-24,11.0082,11.188,10.3342,11.0532,12088.281081448322
2025-07-25,11.0532,11.0532,10.9127,10.9595,5542.8108109792
2025-07-28,10.9595,11.1468,10.8658,10.9595,2903.783783872
2025-07-29,10.9595,11.1468,10.4911,11.0063,1910.945946004
2025-07-30,11.0063,11.0063,10.538,11.0063,1701.7027027544
2025-07-31,11.381,11.662,10.8658,11.0532,16554.770270773202
2025-08-01,10.9127,11.0063,10.6785,10.7722,2010.2297297908
2025-08-04,10.7722,11.2405,10.7722,11.1937,1071.8378378704
2025-08-05,10.8658,11.1,10.819,11.1,73.6621621644
2025-08-06,11.0532,11.1,11.0532,11.0532,416.351351364
2025-08-07,11.0532,11.0532,10.819,11.0532,897.8243243516
2025-08-08,11.1,11.1,10.819,10.8658,3946.7972974172
2025-08-11,10.8658,11.1468,10.7722,11.0532,2676.3918919732
2025-08-12,11.1937,11.1937,10.819,10.9127,1059.0270270592
2025-08-13,11.0532,11.0532,10.6785,10.8658,3074.594594688
2025-08-14,10.9595,10.9595,10.4911,10.6316,3481.3378379436003
2025-08-18,10.6785,11.0063,10.6785,10.7722,1172.1891892248
2025-08-19,10.7722,10.7722,10.6316,10.6785,842.3108108364
2025-08-20,10.7253,10.7253,10.6785,10.6785,576.486486504
2025-08-21,10.7253,10.819,10.4911,10.819,1677.1486486996
2025-08-22,10.6785,10.6785,10.4911,10.6785,1536.2297297764
2025-08-25,10.538,11.1468,10.4911,11.1,8631.283784046
2025-08-26,10.9595,11.3342,10.9127,11.2873,8521.3243245832
2025-08-27,11.4747,11.4747,11.0063,11.381,669.3648648852001
2025-08-28,11.0532,11.381,11.0532,11.3342,1511.6756757216
2025-08-29,11.2873,11.2873,11.0532,11.2873,1252.2567567948
2025-09-01,11.2873,11.3342,11.0063,11.0063,1568.2567568044
2025-09-02,11.0532,11.3342,11.0063,11.2873,1827.6756757312
2025-09-03,11.2873,11.2873,11.0063,11.0532,754.7702702932
2025-09-04,11.2405,11.2405,10.8658,10.8658,1106.0000000336
2025-09-05,10.8658,11.1937,10.8658,11.1937,2200.2567568236
2025-09-08,10.9127,11.3342,10.9127,11.1937,3737.5540541676
2025-09-09,11.1468,11.1468,10.6316,10.819,5592.9864866564
2025-09-10,10.7722,10.9595,10.6316,10.819,5189.4459461036
2025-09-11,10.7722,10.9595,10.7722,10.819,2245.0945946628003
2025-09-12,10.7722,10.819,9.97595,10.4443,11001.283784118
2025-09-15,10.538,10.5848,10.3038,10.5848,2194.9189189856
2025-09-16,10.7253,10.819,10.3038,10.5848,2029.4459460076
2025-09-17,10.257,10.5848,10.1633,10.3038,1146.5675676024
2025-09-18,10.2101,10.3975,9.83544,10.2101,5021.837837990401
2025-09-19,10.2101,10.3038,10.0228,10.3038,1639.7837838336
2025-09-22,10.3038,10.819,10.1165,10.3975,6992.56756778
2025-09-23,10.6316,10.6316,10.2101,10.2101,2729.7702703532
2025-09-24,10.3038,10.538,10.2101,10.4443,1751.8783784316
2025-09-25,10.2101,10.4911,10.1165,10.3038,1409.189189232
2025-09-26,10.1165,10.4443,10.0696,10.3975,1037.6756757072
2025-09-29,10.4443,10.538,10.2101,10.538,1057.9594594916
2025-09-30,10.538,10.6316,10.3506,10.6316,974.6891892188
2025-10-01,10.538,10.8658,10.538,10.8658,6224.986486675601
2025-10-02,10.6785,10.8658,10.6785,10.7253,1915.2162162744
2025-10-03,10.9595,11.4278,10.7722,11.1468,5358.1216217844
2025-10-06,11.381,11.5215,11.0532,11.0532,7070.5000002148
2025-10-07,11.0532,11.2405,10.9127,11.1937,2692.4054054872
2025-10-08,11.4278,11.8025,11.2873,11.7089,17044.783784301602
2025-10-09,11.7089,12.8797,11.4747,12.7392,27615.8378386768
2025-10-10,12.7392,13.3013,12.1772,13.1139,15807.4729734532
2025-10-13,13.1139,13.957,13.1139,13.3949,14035.3108112372
2025-10-14,13.5823,13.7228,12.8329,13.4418,7123.8783785948
2025-10-15,13.4418,13.4418,12.8329,13.3949,1591.7432432916
2025-10-16,13.3481,13.3481,12.9734,13.3013,6055.2432434272005
2025-10-17,13.5354,13.5354,12.9734,13.3949,2958.2297298196
2025-10-20,13.5823,13.8633,13.1139,13.7696,1640.8513514012
2025-10-21,13.3481,13.7228,13.3013,13.6759,1565.0540541016
2025-10-22,13.3013,13.4886,13.2076,13.2076,3289.1756757756
2025-10-23,13.2076,13.3013,13.1139,13.3013,1064.3648648972
2025-10-24,13.2076,13.4886,13.0203,13.2544,1655.7972973476
2025-10-27,13.4886,14.1443,12.9734,13.8633,9911.2972975984
2025-10-28,14.1911,14.1911,13.7228,13.957,3145.0540541496
2025-10-29,14.0506,14.0506,13.5823,13.7696,1512.7432432892
2025-10-30,13.3949,13.5823,13.1139,13.2076,7207.1486488676
2025-10-31,13.3013,13.3949,13.0203,13.0671,1761.48648654
2025-11-03,13.0203,13.3481,12.9266,13.1139,2967.837837928
2025-11-04,13.2544,13.5354,13.0203,13.4886,2804.5000000852
2025-11-05,13.1139,13.4886,13.1139,13.3481,1235.1756757132
2025-11-06,13.3481,13.4418,13.0671,13.1139,2835.4594595456
2025-11-07,13.3481,13.3481,13.0203,13.1139,2224.8108108784
2025-11-10,13.2076,13.3949,13.0203,13.1608,6116.0945947804
2025-11-12,13.2544,13.2544,13.0203,13.0671,1703.8378378896
2025-11-13,13.1139,13.1608,12.4114,13.0671,2822.6486487344
2025-11-14,12.5519,12.7861,12.4114,12.5519,4766.689189334
2025-11-17,12.5519,12.5519,11.9899,12.3177,6627.4594596608
2025-11-18,11.943,12.2241,11.662,11.9899,7485.783784011201
2025-11-19,11.8025,11.9899,11.4747,11.8962,3719.4054055184
2025-11-20,11.8962,11.9899,11.2405,11.8962,6354.1621623552
2025-11-21,11.9899,11.9899,11.5215,11.7089,2041.1891892512
2025-11-24,11.7089,11.8962,11.7089,11.8025,420.6216216344
2025-11-25,11.8025,11.9899,11.662,11.943,1606.6891892380002
2025-11-26,11.943,11.943,11.943,11.943,267.9594594676
2025-11-27,11.8962,11.943,11.5684,11.943,3683.10810822
2025-11-28,11.8962,11.943,11.662,11.8494,1350.472973014
2025-12-01,11.8494,11.8962,11.5684,11.5684,2528.0000000768
2025-12-02,11.6152,11.8494,11.2873,11.381,4634.310810951601
2025-12-03,11.3342,11.7089,11.3342,11.7089,1218.0945946316
2025-12-04,11.7089,11.7089,10.538,11.6152,5610.067567738
2025-12-05,11.1468,11.4747,11.1468,11.3342,4681.283783926
2025-12-08,11.6152,11.6152,11.1468,11.4747,4609.7567568968
2025-12-09,11.4747,11.4747,11.0532,11.3342,2999.864864956
2025-12-10,11.2405,11.381,11.0063,11.381,694.9864865076
2025-12-11,11.1468,11.2405,10.819,11.2405,3481.3378379436003
2025-12-12,11.2405,11.2405,10.8658,10.8658,8613.1351353968
2025-12-15,10.8658,11.0532,10.538,10.8658,6747.027027232
2025-12-16,10.9595,11.0532,10.6785,10.9595,6516.4324326304
2025-12-17,10.9595,11.0063,10.6785,10.9127,3139.7162163116
2025-12-18,10.6785,10.9595,10.6316,10.9595,2960.3648649548
2025-12-19,10.9595,11.0532,10.6785,11.0532,4824.3378379844
2025-12-22,10.819,10.9595,10.4443,10.9595,9097.8108110872
2025-12-23,10.5848,10.9127,10.4911,10.4911,9196.0270273064
2025-12-29,10.7722,11.0532,10.257,11.0532,10671.4054057296
2025-12-30,11.0532,11.2405,10.819,11.1937,3100.2162163104003
2026-01-02,11.1,11.1,10.7722,10.9595,3198.4324325296
2026-01-05,10.7722,11.4278,10.6785,11.4278,4188.0675676948
2026-01-07,11.2405,11.6152,11.0532,11.6152,4911.8783785276
2026-01-08,11.7089,11.8962,11.3342,11.7557,1546.9054054524
2026-01-09,11.7557,11.8025,11.2405,11.8025,3985.2297298508
2026-01-12,11.7089,11.8962,11.1468,11.8962,6440.6351353308
2026-01-13,12.0835,12.7392,11.7557,12.1772,8074.0135137588
2026-01-14,12.3177,13.0203,12.2241,12.9266,6106.486486672
2026-01-15,12.5051,13.2076,12.5051,13.2076,6429.9594596548
2026-01-16,13.2544,13.3949,12.7392,13.2544,7016.054054267201
2026-01-19,13.3013,14.238,13.3013,13.7696,10723.716216542
2026-01-20,13.4886,13.5823,13.2076,13.5823,3176.01351361
2026-01-21,13.2076,13.4886,12.9266,13.4418,1558.648648696
2026-01-22,13.5354,14.0975,13.4886,13.8633,4292.6891893196
2026-01-23,13.7696,13.7696,13.3949,13.7696,1631.2432432928
2026-01-26,13.7696,14.0506,13.4886,13.957,2798.0945946796
2026-01-27,13.8633,14.0975,13.8633,14.0038,3534.7162163236003
2026-01-28,13.957,14.519,13.8633,14.4722,3895.5540541724
2026-01-29,14.2848,14.3316,13.9101,13.957,6339.2162164088
2026-01-30,14.1911,14.2848,12.8797,13.8633,4857.43243258
2026-02-02,13.8633,13.8633,12.8329,13.1608,6959.4729731844
2026-02-03,12.8329,13.4418,12.8329,13.3013,1335.5270270676
2026-02-04,13.1608,13.8165,13.1608,13.7696,2103.108108172
2026-02-05,12.8797,13.7228,12.8329,13.2544,3713.0000001128
2026-02-06,13.2076,13.2076,12.8797,12.8797,1528.7567568032
2026-02-09,13.3013,13.3013,13.2076,13.2544,234.864864872
2026-02-10,13.2076,13.4886,12.9266,13.0203,1483.918918964
2026-02-11,13.0203,13.5823,13.0203,13.5823,2155.4189189844
2026-02-12,13.3013,14.0506,13.3013,14.0506,5818.24324342
2026-02-13,14.1911,14.238,13.5823,14.0506,8648.3648651276
2026-02-16,14.0506,14.0506,13.6291,13.8633,652.2837838036
2026-02-17,13.4886,13.5823,13.4886,13.4886,450.5135135272
2026-02-18,13.3949,14.0506,13.1608,13.3949,13592.2702706832
2026-02-19,13.7228,13.7228,12.8797,13.1139,14303.2702707048
2026-02-20,12.9266,13.0671,12.6456,12.8797,4527.5540541916
2026-02-23,12.2709,13.4418,12.2709,13.2076,10760.0135138404
2026-02-24,13.1139,13.1139,12.7861,13.0671,539.1216216380001
2026-02-25,13.1139,13.1139,12.5987,12.8329,5676.2567569292005
2026-02-26,12.8329,12.8329,12.4582,12.7392,2365.7297298016
2026-02-27,12.8329,13.0203,12.7392,12.7861,792.1351351592
2026-03-02,12.5519,12.9734,12.3646,12.6456,3515.5000001068
2026-03-03,12.3646,12.5987,11.8494,12.0367,14573.3648653076
2026-03-04,12.5051,12.5519,11.8962,12.3177,3277.4324325320003
2026-03-05,12.2709,12.3646,11.943,12.3177,5374.1351352984
2026-03-06,12.3646,12.3646,11.943,12.3646,1468.9729730176
2026-03-09,12.1772,12.1772,11.4278,12.0367,5204.39189205
2026-03-10,11.8025,12.4582,11.8025,12.4114,732.3513513736
2026-03-11,12.4582,12.7392,12.3646,12.6924,1709.1756757276
2026-03-12,12.8329,12.9266,12.4582,12.7861,1014.18918922
2026-03-13,12.7861,12.9266,12.6924,12.6924,1712.3783784304
2026-03-16,12.8329,12.8329,12.4582,12.5051,1261.8648649032
2026-03-17,12.5051,12.5051,11.9899,12.3646,2216.2702703376
2026-03-18,12.1772,12.3646,11.8962,12.2709,1671.8108108616
2026-03-19,12.0835,12.1772,12.0367,12.1772,661.891891912
2026-03-20,11.9899,12.3646,11.7089,11.943,2858.9459460328003
2026-03-23,12.2709,12.2709,11.3342,11.7557,4377.02702716
2026-03-24,11.8025,11.8025,11.5215,11.7557,160.13513514000002
2026-03-25,11.5215,12.5519,11.5215,12.0835,2241.89189196
2026-03-26,12.0835,12.0835,11.7089,12.0367,765.4459459692
2026-03-27,11.7557,11.7557,11.4278,11.7557,2328.3648649356
2026-03-30,11.7557,11.7557,11.2405,11.7557,2824.7837838696
2026-03-31,11.7557,12.1772,11.381,12.1304,1661.1351351856
2026-04-01,11.6152,11.9899,11.5215,11.8962,1281.08108112
2026-04-02,11.8494,11.8962,11.8494,11.8962,108.8918918952
2026-04-07,11.8962,11.8962,11.4747,11.8962,1083.581081114
2026-04-08,11.8962,12.5987,11.7089,12.2241,3566.7432433516
2026-04-09,12.1772,12.4114,11.9899,12.4114,1913.0810811392
2026-04-10,12.5051,12.5987,12.4582,12.4582,2727.635135218
2026-04-13,12.4582,12.5519,12.1772,12.3177,2250.4324325008
2026-04-14,12.5519,12.5519,12.2709,12.5519,457.9864865004
2026-04-15,12.5051,12.5051,12.0835,12.4582,1604.5540541028
2026-04-16,12.5051,12.8797,12.3646,12.6924,2948.6216217112
2026-04-17,12.8797,12.8797,12.6456,12.7392,1691.0270270784
2026-04-20,12.9266,13.2076,12.5987,13.2076,5075.216216370401
2026-04-21,13.1139,13.2076,12.8329,13.1139,1693.1621622136
2026-04-22,13.1139,13.1139,12.8329,13.1139,2615.54054062
2026-04-23,12.7392,13.3013,12.7392,12.9266,3454.6486487536004
2026-04-24,13.0203,13.0203,12.5051,12.9266,1765.7567568104
2026-04-27,12.7392,12.7392,12.7392,12.7392,11.7432432436
2026-04-28,13.0203,13.0203,12.7392,12.9266,1384.6351351772
2026-04-29,13.0203,13.0203,12.7392,12.9266,184.6891891948
2026-04-30,12.6456,12.9266,12.6456,12.8797,1622.702702752
2026-05-04,12.7392,12.8797,12.7392,12.7861,1103.8648648984
2026-05-05,12.8329,13.0203,12.5519,12.5519,748.3648648876
2026-05-06,12.5051,12.7392,12.5051,12.6924,2568.5675676456003
2026-05-07,12.8329,13.957,12.3177,13.957,11662.1081084624
2026-05-08,14.0506,14.2848,13.5823,14.0506,7286.14864887
2026-05-11,14.1911,14.1911,13.1608,13.6291,4395.175675809201
2026-05-12,13.6291,13.9101,13.4418,13.9101,2677.4594595408003
2026-05-13,13.957,14.0506,13.3949,13.9101,6393.662162356401
2026-05-14,13.4886,13.957,13.4886,13.957,777.1891892128
2026-05-15,14.0975,14.3785,13.7228,14.3785,6197.229729918
2026-05-18,14.3785,14.519,14.1443,14.3316,1603.4864865352
2026-05-19,14.3316,14.3316,13.8633,14.3316,501.756756772
2026-05-20,14.3316,14.3316,13.7228,13.957,1764.6891892428
2026-05-21,14.1443,14.1443,13.957,14.0975,83.2702702728
2026-05-22,14.238,14.238,14.0038,14.0975,178.28378378920002
2026-05-25,14.238,14.238,13.7696,13.957,3748.2297298436
2026-05-26,13.957,13.957,13.3949,13.8633,6243.1351353248
2026-05-27,13.8633,14.0506,13.6759,13.7228,2390.2837838564
2026-05-28,13.6759,14.238,13.6759,14.238,1027.0000000312
2026-05-29,14.0506,14.1911,14.0506,14.0506,438.7702702836
2026-06-01,14.1911,14.1911,14.0506,14.1911,4388.7702704036
2026-06-02,14.1911,14.3316,13.9101,14.3316,2469.2837838588
2026-06-03,13.957,14.4722,13.8633,14.3785,1355.810810852
2026-06-05,14.4722,14.4722,14.0975,14.238,452.6486486624
2026-06-08,14.0975,14.1443,13.8633,14.1443,874.3378378644001
2026-06-09,14.4253,14.4253,14.0506,14.4253,863.6621621884001
2026-06-10,14.2848,14.519,14.0506,14.1443,2226.9459460136
2026-06-11,14.519,14.519,14.3316,14.4253,1732.6621622148
2026-06-12,14.519,14.519,14.1443,14.1443,201.7702702764
2026-06-15,14.1911,14.3316,13.8633,14.2848,3290.2432433432
2026-06-16,14.2848,14.3316,13.8633,14.1911,998.175675706
2026-06-17,14.238,14.238,13.7228,14.0038,1710.2432432952
2026-06-18,14.0038,14.0506,13.7228,14.0506,3293.445946046
2026-06-19,14.0506,14.1443,13.5823,14.1443,3901.959459578
2026-06-22,14.1911,14.1911,13.1608,13.8165,3224.054054152
2026-06-23,13.4886,13.8165,13.2076,13.3949,2613.4054054848
2026-06-24,13.5823,13.8633,13.3949,13.7696,2470.3513514264
2026-06-25,13.8165,13.8633,13.3481,13.8165,257.2837837916
2026-06-26,13.8165,13.8165,13.1139,13.4418,6734.2162164208
2026-06-29,13.4418,13.4886,13.1608,13.4886,1966.4594595192
2026-06-30,13.4886,13.7228,12.9734,13.2544,6521.770270468401
2026-07-01,13.2544,13.7228,13.1139,13.7228,3367.1081082104
2026-07-02,13.6759,13.6759,12.7392,13.1608,15069.7837842416
2026-07-03,13.1139,13.1139,12.2709,12.9266,15143.445946406
2026-07-06,13.0203,13.5823,12.8797,13.2076,6958.405405616801
2026-07-07,13.4418,13.4886,13.2076,13.4886,3703.3918920044
2026-07-08,13.4886,13.5354,13.2544,13.4886,6280.5000001908
2026-07-09,13.4886,13.5823,13.4886,13.5354,2531.2027027796003
2026-07-10,13.5354,13.8633,13.3013,13.8633,5604.7297299
2026-07-13,13.7228,14.3785,13.7228,13.8633,5939.9459461264005
2026-07-14,14.0038,14.1443,13.957,14.1443,2418.0405406140003
2026-07-15,14.0506,14.1443,13.957,14.0506,5247.094594754
2026-07-16,14.0506,14.238,13.7228,14.1443,1991.013513574
2026-07-17,14.1443,14.1443,13.7696,14.1443,3441.8378379424003
2026-07-20,14.0506,14.1443,13.8633,14.0506,2682.7972973788
2026-07-21,14.1443,14.1443,13.8633,14.0506,9674.2972975912
2026-07-22,14.0975,14.1443,13.8165,14.0506,2684.932432514
2026-07-23,14.1443,14.1443,14.0038,14.0038,2432.9864865604
2026-07-24,14.0975,14.1443,14.0038,14.1443,3280.6351352348
2026-07-27,14.238,14.8937,14.1443,14.2848,12836.4324328224
2026-07-28,14.3785,14.8468,14.0506,14.238,14675.8513517972
2026-07-29,14.6127,14.8,14.0506,14.8,31747.3243252888
2026-07-30,13.5,14.7,13.5,14.5,16805.0
2026-07-31,14.5,14.5,13.75,14.0,4680.0
2026-08-03,13.75,14.4,13.75,14.0,3944.0
2026-08-04,14.0,14.3,13.95,14.0,4261.0
2026-08-05,14.0,14.35,13.9,14.1,1967.0
2026-08-06,14.05,14.4,14.05,14.35,1185.0
2026-08-07,14.35,14.35,13.8,14.0,3225.0
2026-08-10,13.75,14.5,13.75,14.5,5451.0
2026-08-11,14.2,14.4,14.0,14.05,3495.0
2026-08-12,14.05,14.1,14.0,14.05,1583.0
2026-08-13,14.05,14.3,13.9,13.9,5888.0
2026-08-14,14.05,14.15,13.9,14.0,871.0
2026-08-17,14.0,14.0,13.8,13.95,1590.0
2026-08-18,13.8,13.9,13.55,13.75,901.0
2026-08-19,13.6,13.8,13.55,13.8,1401.0
2026-08-20,13.55,13.8,13.55,13.8,385.0
2026-08-21,13.800000190734863,13.8,13.5,13.8,1827.0